SET NAMES utf8mb4;
SET CHARACTER SET utf8mb4;

USE permission_system;

-- =============================================
-- 评价系统 - 审核与展示模块
-- =============================================

-- =============================================
-- 1. 修改 review_record 表，扩展 review_status 字段说明
-- review_status: 0-待审核, 1-已通过(原已审核), 2-已拒绝(原已驳回), 3-已隐藏 (新增)
-- =============================================
ALTER TABLE review_record MODIFY COLUMN review_status TINYINT NOT NULL DEFAULT 0 COMMENT '评价状态:0-待审核,1-已通过,2-已拒绝,3-已隐藏';

-- =============================================
-- 2. 评价系统菜单（ID range: 1450-1499）
-- =============================================
-- 评价审核管理
INSERT INTO sys_menu (id, menu_name, parent_id, order_num, path, component, perms, menu_type, visible, status, icon) VALUES
(1450, '评价审核', 1400, 4, '/review/audit', 'review/ReviewAudit', 'review:audit:list', 1, 1, 1, 'CircleCheck'),
(1451, '客户评价展示', 1400, 5, '/review/display', 'review/ReviewDisplay', 'review:display:view', 1, 1, 1, 'ChatDotRound');

-- =============================================
-- 3. 按钮权限 - 评价审核
-- =============================================
INSERT INTO sys_menu (id, menu_name, parent_id, order_num, path, component, perms, menu_type, visible, status, icon) VALUES
(1452, '审核查询', 1450, 1, '', NULL, 'review:audit:query', 2, 1, 1, NULL),
(1453, '通过审核', 1450, 2, '', NULL, 'review:audit:approve', 2, 1, 1, NULL),
(1454, '拒绝审核', 1450, 3, '', NULL, 'review:audit:reject', 2, 1, 1, NULL),
(1455, '隐藏评价', 1450, 4, '', NULL, 'review:audit:hide', 2, 1, 1, NULL),
(1456, '查看原因', 1450, 5, '', NULL, 'review:audit:viewReason', 2, 1, 1, NULL),
(1457, '重新审核通过', 1450, 6, '', NULL, 'review:audit:approve', 2, 1, 1, NULL);

-- =============================================
-- 4. 按钮权限 - 评价回复
-- =============================================
INSERT INTO sys_menu (id, menu_name, parent_id, order_num, path, component, perms, menu_type, visible, status, icon) VALUES
(1460, '回复评价', 1450, 7, '', NULL, 'review:reply:add', 2, 1, 1, NULL),
(1461, '编辑回复', 1450, 8, '', NULL, 'review:reply:edit', 2, 1, 1, NULL);

-- =============================================
-- 5. 分配角色权限 - 超级管理员(role_id=1)
-- =============================================
INSERT INTO sys_role_menu (role_id, menu_id) VALUES
(1, 1450), (1, 1451),
(1, 1452), (1, 1453), (1, 1454), (1, 1455), (1, 1456), (1, 1457),
(1, 1460), (1, 1461);

-- =============================================
-- 6. 分配角色权限 - 酒店管理员(role_id=3): 所有审核和回复权限 + 展示
-- =============================================
INSERT INTO sys_role_menu (role_id, menu_id) VALUES
(3, 1450), (3, 1451),
(3, 1452), (3, 1453), (3, 1454), (3, 1455), (3, 1456), (3, 1457),
(3, 1460), (3, 1461);

-- =============================================
-- 7. 分配角色权限 - 前厅部经理(role_id=4): 审核、回复、查看评价
-- =============================================
INSERT INTO sys_role_menu (role_id, menu_id) VALUES
(4, 1450), (4, 1451),
(4, 1452), (4, 1453), (4, 1454), (4, 1455), (4, 1456), (4, 1457),
(4, 1460), (4, 1461);

-- =============================================
-- 8. 分配角色权限 - 客服人员(role_id=12): 审核、回复
-- =============================================
INSERT INTO sys_role_menu (role_id, menu_id) VALUES
(12, 1450), (12, 1451),
(12, 1452), (12, 1453), (12, 1454), (12, 1455), (12, 1456), (12, 1457),
(12, 1460), (12, 1461);

-- =============================================
-- 9. 分配角色权限 - 前台员工(role_id=6): 仅查看公开展示
-- =============================================
INSERT INTO sys_role_menu (role_id, menu_id) VALUES
(6, 1451);

-- =============================================
-- 10. 预置测试数据 - 更多评价邀请（供生成更多评价）
-- =============================================
INSERT INTO review_invitation (check_in_id, check_in_no, customer_id, customer_name, customer_phone, room_type_id, room_type_name, check_in_date, check_out_date, review_code, review_link, review_status, review_time, is_sent, send_time, send_method, expire_time, create_time) VALUES
(6, 'CI202606180006', 6, '周八', '13800138006', 1, '豪华大床房', '2026-06-15', '2026-06-17', 's1t2u3v4', '/h5/review?order=CI202606180006&code=s1t2u3v4', 1, '2026-06-17 14:20:00', 1, '2026-06-17 10:00:00', 1, '2026-06-24 12:00:00', '2026-06-17 09:00:00'),
(7, 'CI202606180007', 7, '吴九', '13800138007', 2, '标准双床房', '2026-06-15', '2026-06-18', 'w5x6y7z8', '/h5/review?order=CI202606180007&code=w5x6y7z8', 1, '2026-06-18 16:45:00', 1, '2026-06-18 10:30:00', 2, '2026-06-25 12:00:00', '2026-06-18 09:30:00'),
(8, 'CI202606190008', 8, '郑十', '13800138008', 4, '家庭套房', '2026-06-16', '2026-06-19', 'a9b0c1d2', '/h5/review?order=CI202606190008&code=a9b0c1d2', 1, '2026-06-19 11:10:00', 1, '2026-06-19 09:00:00', 1, '2026-06-26 12:00:00', '2026-06-19 08:30:00'),
(9, 'CI202606190009', 9, '钱十一', '13800138009', 1, '豪华大床房', '2026-06-17', '2026-06-20', 'e3f4g5h6', '/h5/review?order=CI202606190009&code=e3f4g5h6', 1, '2026-06-20 09:30:00', 0, NULL, NULL, '2026-06-27 12:00:00', '2026-06-20 09:00:00'),
(10, 'CI202606200010', 10, '孙十二', '13800138010', 3, '商务套房', '2026-06-18', '2026-06-21', 'i7j8k9l0', '/h5/review?order=CI202606200010&code=i7j8k9l0', 1, '2026-06-21 13:50:00', 1, '2026-06-21 10:00:00', 1, '2026-06-28 12:00:00', '2026-06-21 09:30:00'),
(11, 'CI202606200011', 1, '张三', '13800138001', 2, '标准双床房', '2026-06-19', '2026-06-21', 'm1n2o3p4', '/h5/review?order=CI202606200011&code=m1n2o3p4', 1, '2026-06-21 18:20:00', 1, '2026-06-21 11:00:00', 2, '2026-06-28 12:00:00', '2026-06-21 10:30:00'),
(12, 'CI202606210012', 3, '王五', '13800138003', 1, '豪华大床房', '2026-06-20', '2026-06-22', 'q5r6s7t8', '/h5/review?order=CI202606210012&code=q5r6s7t8', 1, '2026-06-22 08:40:00', 0, NULL, NULL, '2026-06-29 12:00:00', '2026-06-22 08:00:00');

-- =============================================
-- 11. 预置测试数据 - 评价记录（不同状态、不同评分）
-- review_status: 0-待审核, 1-已通过, 2-已拒绝, 3-已隐藏
-- =============================================
INSERT INTO review_record (check_in_id, check_in_no, invitation_id, customer_id, customer_name, customer_phone, member_id, member_no, room_type_id, room_type_name, check_in_date, check_out_date, overall_score, review_content, selected_tags, is_anonymous, review_status, audit_time, auditor_id, auditor_name, audit_remark, reply_content, reply_time, replied_by, replied_name, review_time, create_time, update_time) VALUES
-- 待审核状态 (0) - 3条
(6, 'CI202606180006', 6, 6, '周八', '13800138006', 6, 'M000006', 1, '豪华大床房', '2026-06-15', '2026-06-17', 4.2, '整体入住体验不错，房间干净整洁，服务人员态度很好。早餐种类丰富，味道也不错。就是空调制冷效果稍微差了一点，希望能改进。', '3,4,10,9', 0, 0, NULL, NULL, NULL, NULL, NULL, NULL, NULL, NULL, '2026-06-17 14:20:00', '2026-06-17 14:20:00', '2026-06-17 14:20:00'),
(9, 'CI202606190009', 9, 9, '钱十一', '13800138009', NULL, NULL, 1, '豪华大床房', '2026-06-17', '2026-06-20', 1.5, '非常不满意！房间卫生很差，枕头下面发现了头发，卫生间有异味。向前台反映后态度也很冷淡，最后只说会处理，也没看到实际行动。以后不会再来了！', '14,17,15', 0, 0, NULL, NULL, NULL, NULL, NULL, NULL, NULL, NULL, '2026-06-20 09:30:00', '2026-06-20 09:30:00', '2026-06-20 09:30:00'),
(12, 'CI202606210012', 12, 3, '王五', '13800138003', 3, 'M000003', 1, '豪华大床房', '2026-06-20', '2026-06-22', 3.5, '酒店位置还可以，出门就是地铁站。房间一般，设施有点老旧，但是价格还算合理。', '5,16', 1, 0, NULL, NULL, NULL, NULL, NULL, NULL, NULL, NULL, '2026-06-22 08:40:00', '2026-06-22 08:40:00', '2026-06-22 08:40:00'),

-- 已通过状态 (1) - 5条（含已有2条，再新增3条）
(7, 'CI202606180007', 7, 7, '吴九', '13800138007', 7, 'M000007', 2, '标准双床房', '2026-06-15', '2026-06-18', 4.6, '带家人一起出行，订了双床房，房间大小合适，两个床都很宽敞。酒店早餐很丰盛，老人小孩都很满意。退房时前台还帮忙叫了出租车，服务很贴心。', '1,2,3,9,12', 0, 1, '2026-06-18 17:00:00', 1, 'admin', NULL, '感谢您的好评！我们会继续保持优质服务，期待您的下次光临！', '2026-06-18 17:30:00', 1, 'admin', '2026-06-18 16:45:00', '2026-06-18 16:45:00', '2026-06-18 17:30:00'),
(10, 'CI202606200010', 10, 10, '孙十二', '13800138010', 10, 'M000010', 3, '商务套房', '2026-06-18', '2026-06-21', 5.0, '绝对的五星体验！套房空间很大，客厅和卧室分开，商务办公很方便。客房服务响应迅速，晚上还送了免费水果。下次来还住这里。', '1,3,4,5,7,8,12', 0, 1, '2026-06-21 14:00:00', 3, '王经理', NULL, '非常感谢孙先生的认可！商务套房是我们酒店的特色房型，配备了独立办公区域和高速网络，适合商务出行。期待您再次光临！', '2026-06-21 14:20:00', 3, '王经理', '2026-06-21 13:50:00', '2026-06-21 13:50:00', '2026-06-21 14:20:00'),
(11, 'CI202606200011', 11, 1, '张三', '13800138001', 1, 'M000001', 2, '标准双床房', '2026-06-19', '2026-06-21', 3.8, '出差住的，性价比还行。房间中规中矩，没有什么惊喜也没有什么槽点。就是隔音不太好，晚上能听到走廊的声音。', '17,5', 0, 1, '2026-06-21 19:00:00', 4, '李经理', NULL, NULL, NULL, NULL, NULL, '2026-06-21 18:20:00', '2026-06-21 18:20:00', '2026-06-21 19:00:00'),

-- 已拒绝状态 (2) - 1条
(8, 'CI202606190008', 8, 8, '郑十', '13800138008', NULL, NULL, 4, '家庭套房', '2026-06-16', '2026-06-19', 1.0, '【广告】加我微信xxxxx，特价机票酒店预订，全网最低价！还有更多优惠等你来！QQ群：xxxxxx', NULL, 0, 2, '2026-06-19 12:00:00', 1, 'admin', '【广告信息】评价内容包含明显的广告信息和联系方式，违反平台规定，予以拒绝。', NULL, NULL, NULL, NULL, '2026-06-19 11:10:00', '2026-06-19 11:10:00', '2026-06-19 12:00:00');

-- =============================================
-- 12. 预置测试数据 - 评价指标评分（新增评价）
-- =============================================
INSERT INTO review_metric_score (review_record_id, metric_id, metric_name, score, weight, create_time) VALUES
-- 评价ID=3 (周八，4.2分)
(3, 1, '客房卫生', 5, 20, '2026-06-17 14:20:00'),
(3, 2, '服务态度', 5, 20, '2026-06-17 14:20:00'),
(3, 3, '设施设备', 3, 15, '2026-06-17 14:20:00'),
(3, 4, '位置交通', 4, 15, '2026-06-17 14:20:00'),
(3, 5, '性价比', 4, 15, '2026-06-17 14:20:00'),
(3, 6, '早餐质量', 5, 10, '2026-06-17 14:20:00'),
(3, 7, '环境安静', 4, 5, '2026-06-17 14:20:00'),
-- 评价ID=4 (钱十一，1.5分)
(4, 1, '客房卫生', 1, 20, '2026-06-20 09:30:00'),
(4, 2, '服务态度', 1, 20, '2026-06-20 09:30:00'),
(4, 3, '设施设备', 2, 15, '2026-06-20 09:30:00'),
(4, 4, '位置交通', 3, 15, '2026-06-20 09:30:00'),
(4, 5, '性价比', 1, 15, '2026-06-20 09:30:00'),
(4, 6, '早餐质量', 2, 10, '2026-06-20 09:30:00'),
(4, 7, '环境安静', 2, 5, '2026-06-20 09:30:00'),
-- 评价ID=5 (王五匿名，3.5分)
(5, 1, '客房卫生', 3, 20, '2026-06-22 08:40:00'),
(5, 2, '服务态度', 3, 20, '2026-06-22 08:40:00'),
(5, 3, '设施设备', 2, 15, '2026-06-22 08:40:00'),
(5, 4, '位置交通', 5, 15, '2026-06-22 08:40:00'),
(5, 5, '性价比', 4, 15, '2026-06-22 08:40:00'),
(5, 6, '早餐质量', 3, 10, '2026-06-22 08:40:00'),
(5, 7, '环境安静', 4, 5, '2026-06-22 08:40:00'),
-- 评价ID=6 (吴九，4.6分)
(6, 1, '客房卫生', 5, 20, '2026-06-18 16:45:00'),
(6, 2, '服务态度', 5, 20, '2026-06-18 16:45:00'),
(6, 3, '设施设备', 4, 15, '2026-06-18 16:45:00'),
(6, 4, '位置交通', 4, 15, '2026-06-18 16:45:00'),
(6, 5, '性价比', 5, 15, '2026-06-18 16:45:00'),
(6, 6, '早餐质量', 5, 10, '2026-06-18 16:45:00'),
(6, 7, '环境安静', 5, 5, '2026-06-18 16:45:00'),
-- 评价ID=7 (孙十二，5.0分)
(7, 1, '客房卫生', 5, 20, '2026-06-21 13:50:00'),
(7, 2, '服务态度', 5, 20, '2026-06-21 13:50:00'),
(7, 3, '设施设备', 5, 15, '2026-06-21 13:50:00'),
(7, 4, '位置交通', 5, 15, '2026-06-21 13:50:00'),
(7, 5, '性价比', 5, 15, '2026-06-21 13:50:00'),
(7, 6, '早餐质量', 5, 10, '2026-06-21 13:50:00'),
(7, 7, '环境安静', 5, 5, '2026-06-21 13:50:00'),
-- 评价ID=8 (张三，3.8分)
(8, 1, '客房卫生', 4, 20, '2026-06-21 18:20:00'),
(8, 2, '服务态度', 3, 20, '2026-06-21 18:20:00'),
(8, 3, '设施设备', 3, 15, '2026-06-21 18:20:00'),
(8, 4, '位置交通', 4, 15, '2026-06-21 18:20:00'),
(8, 5, '性价比', 4, 15, '2026-06-21 18:20:00'),
(8, 6, '早餐质量', 4, 10, '2026-06-21 18:20:00'),
(8, 7, '环境安静', 2, 5, '2026-06-21 18:20:00'),
-- 评价ID=9 (郑十，1.0分，广告，被拒绝)
(9, 1, '客房卫生', 1, 20, '2026-06-19 11:10:00'),
(9, 2, '服务态度', 1, 20, '2026-06-19 11:10:00'),
(9, 3, '设施设备', 1, 15, '2026-06-19 11:10:00'),
(9, 4, '位置交通', 1, 15, '2026-06-19 11:10:00'),
(9, 5, '性价比', 1, 15, '2026-06-19 11:10:00'),
(9, 6, '早餐质量', 1, 10, '2026-06-19 11:10:00'),
(9, 7, '环境安静', 1, 5, '2026-06-19 11:10:00');

-- =============================================
-- 13. 预置测试数据 - 评价图片（部分评价有图片）
-- =============================================
INSERT INTO review_image (review_record_id, image_url, image_name, sort_order, create_time) VALUES
(3, 'https://trae-api-cn.mchost.guru/api/ide/v1/text_to_image?prompt=hotel%20room%20clean%20modern%20luxury&image_size=square', '房间照片1.jpg', 1, '2026-06-17 14:20:00'),
(3, 'https://trae-api-cn.mchost.guru/api/ide/v1/text_to_image?prompt=hotel%20breakfast%20buffet%20spread&image_size=square', '早餐照片.jpg', 2, '2026-06-17 14:20:00'),
(6, 'https://trae-api-cn.mchost.guru/api/ide/v1/text_to_image?prompt=family%20hotel%20twin%20room&image_size=square', '双床房照片.jpg', 1, '2026-06-18 16:45:00'),
(7, 'https://trae-api-cn.mchost.guru/api/ide/v1/text_to_image?prompt=luxury%20business%20suite%20hotel&image_size=square', '商务套房客厅.jpg', 1, '2026-06-21 13:50:00'),
(7, 'https://trae-api-cn.mchost.guru/api/ide/v1/text_to_image?prompt=hotel%20suite%20bedroom%20elegant&image_size=square', '商务套房卧室.jpg', 2, '2026-06-21 13:50:00'),
(7, 'https://trae-api-cn.mchost.guru/api/ide/v1/text_to_image?prompt=hotel%20room%20service%20fruit%20platter&image_size=square', '客房送水果.jpg', 3, '2026-06-21 13:50:00'),
(1, 'https://trae-api-cn.mchost.guru/api/ide/v1/text_to_image?prompt=standard%20hotel%20double%20room&image_size=square', '房间照片.jpg', 1, '2026-06-13 15:30:00'),
(2, 'https://trae-api-cn.mchost.guru/api/ide/v1/text_to_image?prompt=premium%20hotel%20suite%20interior&image_size=square', '套房照片1.jpg', 1, '2026-06-15 20:15:00'),
(2, 'https://trae-api-cn.mchost.guru/api/ide/v1/text_to_image?prompt=hotel%20restaurant%20breakfast%20area&image_size=square', '餐厅照片.jpg', 2, '2026-06-15 20:15:00');

-- =============================================
-- 14. 预置测试数据 - 更多已通过评价（丰富展示数据）
-- =============================================
INSERT INTO review_invitation (check_in_id, check_in_no, customer_id, customer_name, customer_phone, room_type_id, room_type_name, check_in_date, check_out_date, review_code, review_link, review_status, review_time, is_sent, send_time, send_method, expire_time, create_time) VALUES
(13, 'CI202606100013', 11, '赵十三', '13800138011', 2, '标准双床房', '2026-06-05', '2026-06-08', 'za1b2c3d', '/h5/review?order=CI202606100013&code=za1b2c3d', 1, '2026-06-08 10:15:00', 1, '2026-06-08 09:00:00', 1, '2026-06-15 12:00:00', '2026-06-08 08:30:00'),
(14, 'CI202606110014', 12, '钱十四', '13800138012', 1, '豪华大床房', '2026-06-06', '2026-06-09', 'ze5f6g7h', '/h5/review?order=CI202606110014&code=ze5f6g7h', 1, '2026-06-09 11:30:00', 1, '2026-06-09 10:00:00', 2, '2026-06-16 12:00:00', '2026-06-09 09:00:00'),
(15, 'CI202606120015', 13, '孙十五', '13800138013', 3, '商务套房', '2026-06-07', '2026-06-10', 'zi9j0k1l', '/h5/review?order=CI202606120015&code=zi9j0k1l', 1, '2026-06-10 14:00:00', 1, '2026-06-10 12:00:00', 1, '2026-06-17 12:00:00', '2026-06-10 11:00:00'),
(16, 'CI202606130016', 14, '李十六', '13800138014', 2, '标准双床房', '2026-06-08', '2026-06-11', 'zm3n4o5p', '/h5/review?order=CI202606130016&code=zm3n4o5p', 1, '2026-06-11 09:20:00', 0, NULL, NULL, '2026-06-18 12:00:00', '2026-06-11 09:00:00'),
(17, 'CI202606140017', 15, '周十七', '13800138015', 4, '家庭套房', '2026-06-09', '2026-06-12', 'zq7r8s9t', '/h5/review?order=CI202606140017&code=zq7r8s9t', 1, '2026-06-12 15:45:00', 1, '2026-06-12 13:00:00', 2, '2026-06-19 12:00:00', '2026-06-12 12:00:00');

INSERT INTO review_record (check_in_id, check_in_no, invitation_id, customer_id, customer_name, customer_phone, member_id, member_no, room_type_id, room_type_name, check_in_date, check_out_date, overall_score, review_content, selected_tags, is_anonymous, review_status, audit_time, auditor_id, auditor_name, audit_remark, reply_content, reply_time, replied_by, replied_name, review_time, create_time, update_time) VALUES
(13, 'CI202606100013', 13, 11, '赵十三', '13800138011', NULL, NULL, 2, '标准双床房', '2026-06-05', '2026-06-08', 4.3, '带父母出行的，双床房很合适，两个床都很大。酒店设施虽然不是很新，但维护得很好，干净整洁。前台服务很热情，还给父母免费升级了高楼层。推荐家庭出行选择。', '1,3,12,6', 0, 1, '2026-06-08 11:00:00', 1, 'admin', NULL, '感谢赵先生的推荐！我们一直很重视家庭客人的入住体验，会继续努力的。', '2026-06-08 11:30:00', 1, 'admin', '2026-06-08 10:15:00', '2026-06-08 10:15:00', '2026-06-08 11:30:00'),
(14, 'CI202606110014', 14, 12, '钱十四', '13800138012', 12, 'M000012', 1, '豪华大床房', '2026-06-06', '2026-06-09', 3.2, '房间还行，就是空调噪音有点大，晚上睡觉有点影响。其他都还可以，服务态度不错。', '3,18', 0, 1, '2026-06-09 12:00:00', 3, '王经理', NULL, NULL, NULL, NULL, NULL, '2026-06-09 11:30:00', '2026-06-09 11:30:00', '2026-06-09 12:00:00'),
(15, 'CI202606120015', 15, 13, '孙十五', '13800138013', 13, 'M000013', 3, '商务套房', '2026-06-07', '2026-06-10', 4.9, '商务出差首选，套房的办公区域很大，见客户也很有面子。酒店会议室配套完善，商务中心服务很到位。下次还来。', '1,3,4,5,7,12', 0, 1, '2026-06-10 15:00:00', 4, '李经理', NULL, NULL, NULL, NULL, NULL, '2026-06-10 14:00:00', '2026-06-10 14:00:00', '2026-06-10 15:00:00'),
(16, 'CI202606130016', 16, 14, '李十六', '13800138014', 14, 'M000014', 2, '标准双床房', '2026-06-08', '2026-06-11', 4.0, '朋友一起来旅游住的，位置很好，离景点很近，走路就到。房间大小合适，卫生干净。就是卫生间稍微小了点。', '2,10,5', 0, 1, '2026-06-11 10:00:00', 1, 'admin', NULL, NULL, NULL, NULL, NULL, '2026-06-11 09:20:00', '2026-06-11 09:20:00', '2026-06-11 10:00:00'),
(17, 'CI202606140017', 17, 15, '周十七', '13800138015', NULL, NULL, 4, '家庭套房', '2026-06-09', '2026-06-12', 2.8, '预订的家庭套房，实际入住感觉房间没有图片上的大。小孩玩的空间不够。早餐品种一般，小孩爱吃的不多。价格偏贵，感觉性价比不高。', '19,15,22', 0, 1, '2026-06-12 16:30:00', 3, '王经理', NULL, '非常抱歉周先生此次入住体验不佳。关于房间大小和早餐的问题，我们会认真反馈给相关部门改进。如您下次入住，可联系我们为您推荐更适合家庭入住的房型。', '2026-06-12 17:00:00', 3, '王经理', '2026-06-12 15:45:00', '2026-06-12 15:45:00', '2026-06-12 17:00:00');

INSERT INTO review_metric_score (review_record_id, metric_id, metric_name, score, weight, create_time) VALUES
(10, 1, '客房卫生', 5, 20, '2026-06-08 10:15:00'),
(10, 2, '服务态度', 5, 20, '2026-06-08 10:15:00'),
(10, 3, '设施设备', 4, 15, '2026-06-08 10:15:00'),
(10, 4, '位置交通', 4, 15, '2026-06-08 10:15:00'),
(10, 5, '性价比', 4, 15, '2026-06-08 10:15:00'),
(10, 6, '早餐质量', 4, 10, '2026-06-08 10:15:00'),
(10, 7, '环境安静', 5, 5, '2026-06-08 10:15:00'),
(11, 1, '客房卫生', 3, 20, '2026-06-09 11:30:00'),
(11, 2, '服务态度', 4, 20, '2026-06-09 11:30:00'),
(11, 3, '设施设备', 3, 15, '2026-06-09 11:30:00'),
(11, 4, '位置交通', 3, 15, '2026-06-09 11:30:00'),
(11, 5, '性价比', 3, 15, '2026-06-09 11:30:00'),
(11, 6, '早餐质量', 3, 10, '2026-06-09 11:30:00'),
(11, 7, '环境安静', 2, 5, '2026-06-09 11:30:00'),
(12, 1, '客房卫生', 5, 20, '2026-06-10 14:00:00'),
(12, 2, '服务态度', 5, 20, '2026-06-10 14:00:00'),
(12, 3, '设施设备', 5, 15, '2026-06-10 14:00:00'),
(12, 4, '位置交通', 5, 15, '2026-06-10 14:00:00'),
(12, 5, '性价比', 5, 15, '2026-06-10 14:00:00'),
(12, 6, '早餐质量', 4, 10, '2026-06-10 14:00:00'),
(12, 7, '环境安静', 5, 5, '2026-06-10 14:00:00'),
(13, 1, '客房卫生', 4, 20, '2026-06-11 09:20:00'),
(13, 2, '服务态度', 4, 20, '2026-06-11 09:20:00'),
(13, 3, '设施设备', 4, 15, '2026-06-11 09:20:00'),
(13, 4, '位置交通', 5, 15, '2026-06-11 09:20:00'),
(13, 5, '性价比', 4, 15, '2026-06-11 09:20:00'),
(13, 6, '早餐质量', 3, 10, '2026-06-11 09:20:00'),
(13, 7, '环境安静', 4, 5, '2026-06-11 09:20:00'),
(14, 1, '客房卫生', 3, 20, '2026-06-12 15:45:00'),
(14, 2, '服务态度', 3, 20, '2026-06-12 15:45:00'),
(14, 3, '设施设备', 2, 15, '2026-06-12 15:45:00'),
(14, 4, '位置交通', 3, 15, '2026-06-12 15:45:00'),
(14, 5, '性价比', 2, 15, '2026-06-12 15:45:00'),
(14, 6, '早餐质量', 3, 10, '2026-06-12 15:45:00'),
(14, 7, '环境安静', 3, 5, '2026-06-12 15:45:00');

INSERT INTO review_image (review_record_id, image_url, image_name, sort_order, create_time) VALUES
(10, 'https://trae-api-cn.mchost.guru/api/ide/v1/text_to_image?prompt=family%20travel%20hotel%20room%20twin&image_size=square', '家庭房照片.jpg', 1, '2026-06-08 10:15:00'),
(12, 'https://trae-api-cn.mchost.guru/api/ide/v1/text_to_image?prompt=business%20meeting%20room%20hotel&image_size=square', '会议室照片.jpg', 2, '2026-06-10 14:00:00'),
(14, 'https://trae-api-cn.mchost.guru/api/ide/v1/text_to_image?prompt=family%20suite%20hotel%20living%20room&image_size=square', '家庭套房客厅.jpg', 1, '2026-06-12 15:45:00');
